{
  "version": "1.0",
  "exportDate": "2025-12-22T11:33:14.354Z",
  "songs": [
    {
      "id": 1,
      "artist": "Taylor Swift",
      "title": "22",
      "verse": "G D Cadd9 D",
      "chorus": "G D C Em D",
      "preChorus": "",
      "bridge": "",
      "favorite": false,
      "youtubeUrl": "https://youtu.be/AgFeZr5ptV8?si=Qbq4jY1StADcrSfK"
    },
    {
      "id": 2,
      "artist": "Enya",
      "title": "A Day Without Rain",
      "verse": "F Am C Bb",
      "chorus": "F Am2 Eb C",
      "preChorus": "F C F",
      "bridge": "Dm Am Eb Bb (C)",
      "favorite": false,
      "youtubeUrl": "https://youtu.be/AgFeZr5ptV8?si=Qbq4jY1StADcrSfK"
    },
    {
      "id": 3,
      "artist": "Procol Harem",
      "title": "A Whiter Shade of Pale",
      "verse": "C Em2 Am C2",
      "chorus": "F Am Dm F2",
      "preChorus": "G Em G C F G",
      "bridge": "",
      "favorite": false,
      "youtubeUrl": "https://youtu.be/z0vCwGUZe1I?si=sWPmriOhr_klHTio"
    },
    {
      "id": 4,
      "artist": "Toto",
      "title": "Africa",
      "verse": "A G#m C#m",
      "chorus": "B F# G#m A C# G#m A",
      "preChorus": "F#m D A E",
      "bridge": "C#m2 E F#m E A",
      "favorite": false,
      "youtubeUrl": "https://youtu.be/FTQbiNvZqaY?si=3zyyy4HIgRvrP0Ih"
    },
    {
      "id": 5,
      "artist": "Maria Carey",
      "title": "All I Want For Christmas",
      "verse": "G Em C D",
      "chorus": "G C Eb",
      "preChorus": "G B Em Eb G",
      "bridge": "G E Am Cm G Em C D",
      "favorite": false,
      "youtubeUrl": "https://youtu.be/yXQViqx6GMY?si=HwUSPbTLELJMe3Bj"
    },
    {
      "id": 6,
      "artist": "John Legend",
      "title": "All of Me",
      "verse": "Fm C#3 G#2 D#",
      "chorus": "Bbm G# D#3",
      "preChorus": "G# Fm C#3 D#",
      "bridge": "",
      "favorite": false,
      "youtubeUrl": "https://youtu.be/450p7goxZqg?si=kt5ZZn9f4yLAB39F"
    },
    {
      "id": 7,
      "artist": "Taylor Swift",
      "title": "All Too Well",
      "verse": "C2 G Am F",
      "chorus": "",
      "preChorus": "",
      "bridge": "",
      "favorite": true,
      "youtubeUrl": "https://youtu.be/9OQBDdNHmXo?si=kQcnikQwXUdYBCGR"
    },
    {
      "id": 8,
      "artist": "Heart",
      "title": "Alone",
      "verse": "Bbm2 Gb Ab2 F",
      "chorus": "F# C#3 D#m C#3 (2x) l G#2 C3",
      "preChorus": "D#m B F#2 C#",
      "bridge": "F# B C#",
      "favorite": false,
      "youtubeUrl": "https://youtu.be/1Cw1ng75KP0?si=FqqM1wGhK-pHHbSF"
    },
    {
      "id": 9,
      "artist": "Suzan & Freek",
      "title": "Als het avond is",
      "verse": "G#m B E",
      "chorus": "G#m F# G#m (E)(2x) C#",
      "preChorus": "E B2 G#m F#",
      "bridge": "",
      "favorite": false,
      "youtubeUrl": "https://youtu.be/nBmhCIW7KCA?si=MDv7ljNs5YsWfiBH"
    },
    {
      "id": 10,
      "artist": "Pet Shop Boys",
      "title": "Always on my mind",
      "verse": "G2 D Em Dm2 C D G2",
      "chorus": "G D Em C (D) 2x l A l",
      "preChorus": "C2 G C2 Am D2 G Bb C",
      "bridge": "G D3 Em C G Am D (2x) G",
      "favorite": false,
      "youtubeUrl": "https://youtu.be/GJ-E5Z6tnX8?si=5z0X4EDdbP9rtQSn"
    },
    {
      "id": 11,
      "artist": "Robbie Williams",
      "title": "Angels",
      "verse": "E A C#m B",
      "chorus": "F#m A C# A",
      "preChorus": "D A E(2x)",
      "bridge": "B C#m A (E) 2x| G#m F#m l D A E",
      "favorite": false,
      "youtubeUrl": "https://youtu.be/luwAMFcc2f8?si=47GXH1627gQVmQFG"
    },
    {
      "id": 12,
      "artist": "Phil Collins",
      "title": "Another Day in Paradise",
      "verse": "Fm2 D#2 Bbm",
      "chorus": "Fm D#3 Bbm Fm D# (4x)",
      "preChorus": "Fm D#2 C#2 D#2",
      "bridge": "D#3 Fm D# G# (2x)",
      "favorite": false,
      "youtubeUrl": "https://youtu.be/Qt2mbGP6vFI?si=8jyGgEuGo1D60szP"
    },
    {
      "id": 13,
      "artist": "Taylor Swift",
      "title": "Anti-Hero",
      "verse": "A2 E B2 C#m2",
      "chorus": "",
      "preChorus": "",
      "bridge": "",
      "favorite": true,
      "youtubeUrl": "https://youtu.be/ijXbkWzW1BQ?si=bXVVCE2p63CYNKSa"
    },
    {
      "id": 14,
      "artist": "Justin Bieber",
      "title": "Anyone",
      "verse": "D2 G3 Bm A",
      "chorus": "",
      "preChorus": "",
      "bridge": "",
      "favorite": false,
      "youtubeUrl": "https://youtu.be/KIK3azN4w34?si=4PcEjTEef0H7JkKh"
    },
    {
      "id": 15,
      "artist": "ATC",
      "title": "Around The World",
      "verse": "Am Em F G",
      "chorus": "",
      "preChorus": "",
      "bridge": "",
      "favorite": true,
      "youtubeUrl": "https://youtu.be/4O86JJHoiRg?si=XxO2ibND7LlobLIf"
    },
    {
      "id": 16,
      "artist": "Harry Styles",
      "title": "As It Was",
      "verse": "Bm E/B A D/A",
      "chorus": "",
      "preChorus": "",
      "bridge": "",
      "favorite": false,
      "youtubeUrl": "https://youtu.be/Qfm6nfz1QNQ?si=F3DUcGFWrnSvgXP-"
    },
    {
      "id": 17,
      "artist": "Flemming",
      "title": "Automatisch",
      "verse": "Bm D A Em",
      "chorus": "",
      "preChorus": "",
      "bridge": "",
      "favorite": true,
      "youtubeUrl": "https://youtu.be/u3EgisYHxgs?si=2noVCrPcSNdhcr1x"
    },
    {
      "id": 18,
      "artist": "Harold Faltermeyer",
      "title": "Axel F",
      "verse": "F Eb3 Bb2 Db Eb F",
      "chorus": "",
      "preChorus": "",
      "bridge": "",
      "favorite": false,
      "youtubeUrl": "https://youtu.be/Qx2gvHjNhQ0?si=eSmbhKpDz9-Bpah0"
    },
    {
      "id": 19,
      "artist": "Taylor Swift",
      "title": "Back To December",
      "verse": "D2 Bm G3",
      "chorus": "D Bm G D A",
      "preChorus": "Bm A D G Bm A G",
      "bridge": "D F#m G D A",
      "favorite": false,
      "youtubeUrl": "https://youtu.be/0nUvr_5iRHk?si=NptThli6QRqS0D38"
    },
    {
      "id": 20,
      "artist": "Gerry Rafferty",
      "title": "Baker Street",
      "verse": "A F2 G2 (3x)",
      "chorus": "D F D F C A G F",
      "preChorus": "A Em G D",
      "bridge": "Dm Am (2x) C G D | C G A F",
      "favorite": false,
      "youtubeUrl": "https://youtu.be/Fo6aKnRnBxM?si=6vaWTbxEEJn4NUDa"
    },
    {
      "id": 21,
      "artist": "Taylor Swift",
      "title": "Betty",
      "verse": "C G/B Am G F G",
      "chorus": "",
      "preChorus": "",
      "bridge": "",
      "favorite": false,
      "youtubeUrl": "https://youtu.be/Fo6aKnRnBxM?si=6vaWTbxEEJn4NUDa"
    },
    {
      "id": 22,
      "artist": "Michael Jackson",
      "title": "Billie Jean",
      "verse": "F#m3 G#m3 A3 F#m3 | Bm",
      "chorus": "D/A F#m/A (4x) | C#",
      "preChorus": "",
      "bridge": "",
      "favorite": false,
      "youtubeUrl": "https://youtu.be/Zi_XLOBDo_Y?si=6r9T1tld1fOFyf3N"
    },
    {
      "id": 23,
      "artist": "Weekend",
      "title": "Blinding Lights",
      "verse": "Fm Cm3 Eb Bb3",
      "chorus": "",
      "preChorus": "",
      "bridge": "",
      "favorite": false,
      "youtubeUrl": "https://youtu.be/XwxLwG2_Sxk?si=Q5GKuX0-_nyOyvDt"
    },
    {
      "id": 24,
      "artist": "Eifel 65 / David Guetta",
      "title": "Blue/I'm Good",
      "verse": "Gm2 F D# Cm2",
      "chorus": "",
      "preChorus": "",
      "bridge": "",
      "favorite": false,
      "youtubeUrl": "https://youtu.be/zA52uNzx7Y4?si=sKz9l_PCIaTLBcFr"
    },
    {
      "id": 25,
      "artist": "Don Henley",
      "title": "Boys of Summer",
      "verse": "Dm A# C A#",
      "chorus": "F2 C A#",
      "preChorus": "Real: Ebm B Db l F# C# B",
      "bridge": "",
      "favorite": false,
      "youtubeUrl": "https://youtu.be/6RUIeX6UCT8?si=ctaQtg95VcDw-tYT"
    },
    {
      "id": 26,
      "artist": "Taylor Swift",
      "title": "Breathe",
      "verse": "C# G# F#",
      "chorus": "F# C# G# A#m",
      "preChorus": "",
      "bridge": "",
      "favorite": false,
      "youtubeUrl": "https://youtu.be/4sKrW3kbCdc?si=ckKqSBvjpRn0oKYF"
    },
    {
      "id": 27,
      "artist": "Shinedown",
      "title": "Call Me",
      "verse": "C# E F#m A",
      "chorus": "F#m A E B F#m A",
      "preChorus": "A B C#m (2)",
      "bridge": "",
      "favorite": false,
      "youtubeUrl": "https://youtu.be/Z9ne5sPyAXA?si=U1iNerJUX5E9ADbJ"
    },
    {
      "id": 28,
      "artist": "Paul Simon",
      "title": "You Can Call Me Al",
      "verse": "F2 C Bb, F2 C F2",
      "chorus": "",
      "preChorus": "",
      "bridge": "",
      "favorite": false,
      "youtubeUrl": "https://youtu.be/uq-gYOrU8bA?si=qUWdIXDoKWll8CbF"
    },
    {
      "id": 29,
      "artist": "Enya",
      "title": "Caribbean Blue",
      "verse": "A C#m B F#m A B C#m E",
      "chorus": "B A E | B A F# B2",
      "preChorus": "Bb Dm C Gm Bb C Dm F",
      "bridge": "F C | Em Am G Dm C Bb B C",
      "favorite": false,
      "youtubeUrl": "https://youtu.be/Jl8iYAo90pE?si=r63pMHfKdD1yMpzd"
    },
    {
      "id": 30,
      "artist": "Europe",
      "title": "Carrie",
      "verse": "Em G C2 Am G3 C D Am G C2 D2 G",
      "chorus": "C2 D2 Am C D2 C D",
      "preChorus": "G D Em D C D Em D C D",
      "bridge": "Am Bm C D G",
      "favorite": false,
      "youtubeUrl": "https://youtu.be/KmWE9UBFwtY?si=DVwan5oDqa09pMTT"
    },
    {
      "id": 31,
      "artist": "Kool & The Gang",
      "title": "Celebration",
      "verse": "Db2 Gb3 Ab (C#/ F# G#)",
      "chorus": "Gb3 Bbm Ab (theres a party going on right here)",
      "preChorus": "Db Cm Eb F Bbm Eb (its time to come together..) 4",
      "bridge": "",
      "favorite": false,
      "youtubeUrl": "https://youtu.be/3GwjfUFyY6M?si=HmoLk1HfhgeYtrhJ"
    },
    {
      "id": 32,
      "artist": "Toto",
      "title": "Child's Anthem",
      "verse": "C#m2 G#m | C#m2 B E2 F#m2",
      "chorus": "E A3 E2 B",
      "preChorus": "C# F#m E A2 Bm2 A Bm2 A2 E",
      "bridge": "F# Bm2 G Em D3 A2 C#m3 G#2",
      "favorite": false,
      "youtubeUrl": "https://youtu.be/xSQLmnQ0QoE?si=zGwf7jOfY2aXLg-1"
    },
    {
      "id": 33,
      "artist": "Coldplay",
      "title": "Clocks",
      "verse": "Eb3 Bbm2 Fm",
      "chorus": "Gb Db3 Ab",
      "preChorus": "",
      "bridge": "",
      "favorite": false,
      "youtubeUrl": "https://youtu.be/PFW2uSCZ0uE?si=PsF1-zU-WSi-WiPN"
    },
    {
      "id": 34,
      "artist": "Mr. President",
      "title": "Coco Jambo",
      "verse": "C#m2 A B",
      "chorus": "",
      "preChorus": "",
      "bridge": "",
      "favorite": false,
      "youtubeUrl": "https://youtu.be/yx5djqAnqeY?si=mpfH772IKWBE0z0G"
    },
    {
      "id": 35,
      "artist": "Foreigner",
      "title": "Cold As Ice",
      "verse": "Ebm2 B",
      "chorus": "Gb Faug Abm B | Bb7",
      "preChorus": "",
      "bridge": "",
      "favorite": false,
      "youtubeUrl": ""
    },
    {
      "id": 36,
      "artist": "Vangelis",
      "title": "Conquest of Paradise",
      "verse": "Dm2 A Dm2 C2 F2 C Bb A",
      "chorus": "D G2   | A",
      "preChorus": "",
      "bridge": "",
      "favorite": false,
      "youtubeUrl": ""
    },
    {
      "id": 37,
      "artist": "Queen",
      "title": "Crazy Little Thing Called Love",
      "verse": "D2 G C2",
      "chorus": "Bb C D2",
      "preChorus": "G C2 G Bb A",
      "bridge": "(single notes dc#c ag#g) E A2",
      "favorite": false,
      "youtubeUrl": ""
    },
    {
      "id": 38,
      "artist": "Jan Hammer",
      "title": "Crockets Theme",
      "verse": "Dm3 F C3 Eb Cm2 Gm (2x)",
      "chorus": "Bb2 F Fsus4 Am",
      "preChorus": "D5 F5 C5 Eb5 C5 Gm5",
      "bridge": "",
      "favorite": false,
      "youtubeUrl": ""
    },
    {
      "id": 39,
      "artist": "Taylor Swift",
      "title": "Cruel Summer",
      "verse": "A | D2 E2 C#m2 F#m",
      "chorus": "A C#m F#m D",
      "preChorus": "",
      "bridge": "",
      "favorite": false,
      "youtubeUrl": ""
    },
    {
      "id": 40,
      "artist": "John Barry",
      "title": "Dances with Wolves",
      "verse": "Eb Cm3 Ab2 Bb2 Ab2 Eb3 Fm Bb",
      "chorus": "",
      "preChorus": "",
      "bridge": "",
      "favorite": false,
      "youtubeUrl": ""
    },
    {
      "id": 41,
      "artist": "Pet Shop Boys",
      "title": "Domino Dancing",
      "verse": "Am F G (melody A E D)",
      "chorus": "",
      "preChorus": "",
      "bridge": "",
      "favorite": false,
      "youtubeUrl": ""
    },
    {
      "id": 42,
      "artist": "Guns N Roses",
      "title": "Don't Cry",
      "verse": "G#m C#m F#m B",
      "chorus": "E F#m G#m",
      "preChorus": "",
      "bridge": "",
      "favorite": false,
      "youtubeUrl": ""
    },
    {
      "id": 43,
      "artist": "Elton John",
      "title": "Don't Let The Sun Go Down on Me",
      "verse": "C2 Bb Am F D..G GFC",
      "chorus": "C Bb Am D",
      "preChorus": "C C/Bb F/A D",
      "bridge": "F3 Am F G C",
      "favorite": false,
      "youtubeUrl": ""
    },
    {
      "id": 44,
      "artist": "Journey",
      "title": "Don't Stop Believing",
      "verse": "E B2 C#m A (ef#d#) A (c#)",
      "chorus": "A E (B E B A)",
      "preChorus": "",
      "bridge": "",
      "favorite": false,
      "youtubeUrl": ""
    },
    {
      "id": 45,
      "artist": "Madcon",
      "title": "Don't Worry Bout A Thing",
      "verse": "Am C G D",
      "chorus": "",
      "preChorus": "",
      "bridge": "",
      "favorite": false,
      "youtubeUrl": ""
    },
    {
      "id": 46,
      "artist": "Madonna",
      "title": "Dress You Up",
      "verse": "Ab Bb | Fm Ab G",
      "chorus": "Ab Bb (Cm) Gm Ab",
      "preChorus": "",
      "bridge": "",
      "favorite": false,
      "youtubeUrl": ""
    },
    {
      "id": 47,
      "artist": "Train",
      "title": "Drops of Jupiter",
      "verse": "D2 A Em G",
      "chorus": "",
      "preChorus": "",
      "bridge": "",
      "favorite": false,
      "youtubeUrl": ""
    },
    {
      "id": 48,
      "artist": "Commodores",
      "title": "Easy",
      "verse": "G# Cm A#m D#3",
      "chorus": "",
      "preChorus": "",
      "bridge": "",
      "favorite": false,
      "youtubeUrl": ""
    },
    {
      "id": 49,
      "artist": "Taylor Swift",
      "title": "Enchanted",
      "verse": "Ab Cm Db Ab (3x)",
      "chorus": "Db Fm Eb",
      "preChorus": "Db Ab Eb",
      "bridge": "Db Fm Eb",
      "favorite": false,
      "youtubeUrl": ""
    },
    {
      "id": 50,
      "artist": "Roxette",
      "title": "Fading like a Flower",
      "verse": "F Bb2 Dm C F Bb2 C F",
      "chorus": "",
      "preChorus": "Dm2 Am Dm2 F C2 Dm2 Am G",
      "bridge": "",
      "favorite": false,
      "youtubeUrl": ""
    },
    {
      "id": 51,
      "artist": "George Michael",
      "title": "Father Figure",
      "verse": "A#sus2 G#",
      "chorus": "F# G# A#",
      "preChorus": "F# G# F",
      "bridge": "",
      "favorite": false,
      "youtubeUrl": ""
    },
    {
      "id": 52,
      "artist": "Taylor Swift",
      "title": "Fearless",
      "verse": "F2 C Gm2 A#2",
      "chorus": "",
      "preChorus": "",
      "bridge": "",
      "favorite": false,
      "youtubeUrl": ""
    },
    {
      "id": 53,
      "artist": "Robbie Williams",
      "title": "Feel",
      "verse": "Dm C2 F G (keep D as bassnote)",
      "chorus": "Dm C A Gm F A",
      "preChorus": "Bb F C",
      "bridge": "",
      "favorite": false,
      "youtubeUrl": ""
    },
    {
      "id": 54,
      "artist": "Sting",
      "title": "Fields of Gold",
      "verse": "Bm G3 D2",
      "chorus": "Bm G3 D2 Bm A D",
      "preChorus": "GD",
      "bridge": "",
      "favorite": false,
      "youtubeUrl": ""
    },
    {
      "id": 55,
      "artist": "Taylor Swift",
      "title": "Fifteen",
      "verse": "G C Em D",
      "chorus": "G Em D C G D Em C",
      "preChorus": "Em D G D C D",
      "bridge": "",
      "favorite": false,
      "youtubeUrl": ""
    },
    {
      "id": 56,
      "artist": "Europe",
      "title": "Final Countdown",
      "verse": "F#m D3 Bm2 E",
      "chorus": "F#m E A2 D C#m C#",
      "preChorus": "",
      "bridge": "",
      "favorite": false,
      "youtubeUrl": ""
    },
    {
      "id": 57,
      "artist": "Owl City",
      "title": "Fireflies",
      "verse": "Bb Ab Bb Eb3 Ab",
      "chorus": "Ab Cm Bb Ab Eb3 Gm Ab",
      "preChorus": "Ab Eb Ab Bb Cm Ab Eb F",
      "bridge": "",
      "favorite": false,
      "youtubeUrl": ""
    },
    {
      "id": 58,
      "artist": "The Script",
      "title": "For the First Time",
      "verse": "A E F#m D",
      "chorus": "F#m D",
      "preChorus": "F#m D A E",
      "bridge": "",
      "favorite": false,
      "youtubeUrl": ""
    },
    {
      "id": 59,
      "artist": "Alphaville",
      "title": "Forever Young",
      "verse": "C G Am F Dm Am F G",
      "chorus": "",
      "preChorus": "",
      "bridge": "",
      "favorite": false,
      "youtubeUrl": ""
    },
    {
      "id": 60,
      "artist": "George Michael",
      "title": "Freedom",
      "verse": "C Bb F",
      "chorus": "G F C | Cm (descending bassline cba#a) 2x",
      "preChorus": "",
      "bridge": "",
      "favorite": false,
      "youtubeUrl": ""
    },
    {
      "id": 61,
      "artist": "Christina Aguilera",
      "title": "Genie In A Bottle",
      "verse": "Fm2 Eb2 Db2 C2",
      "chorus": "Fm2 Eb2 Db2 Eb2",
      "preChorus": "",
      "bridge": "",
      "favorite": false,
      "youtubeUrl": ""
    },
    {
      "id": 62,
      "artist": "Billie Ocean",
      "title": "Get Outta my dreams",
      "verse": "B2 E3 B2 E3",
      "chorus": "A2 E | D3 A2",
      "preChorus": "B E2 B | D2 A",
      "bridge": "B2 E3 | E3 B2 A2 B2",
      "favorite": false,
      "youtubeUrl": ""
    },
    {
      "id": 63,
      "artist": "Shinedown",
      "title": "Get Up",
      "verse": "C2 Dm2 Am G",
      "chorus": "F3 C2 Am G",
      "preChorus": "",
      "bridge": "",
      "favorite": false,
      "youtubeUrl": ""
    },
    {
      "id": 64,
      "artist": "Taylor Swift",
      "title": "Girl At Home",
      "verse": "Bb F C (Dm)",
      "chorus": "Bb F Dm C",
      "preChorus": "",
      "bridge": "",
      "favorite": false,
      "youtubeUrl": ""
    },
    {
      "id": 65,
      "artist": "Toto",
      "title": "Going Home",
      "verse": "Bm2 Em3 Bm2 A2",
      "chorus": "G Bm A (Em)",
      "preChorus": "D G Bm A",
      "bridge": "",
      "favorite": false,
      "youtubeUrl": ""
    },
    {
      "id": 66,
      "artist": "Booker T. & the MG's",
      "title": "Green Onions",
      "verse": "F Ab Bb",
      "chorus": "",
      "preChorus": "",
      "bridge": "",
      "favorite": false,
      "youtubeUrl": ""
    },
    {
      "id": 67,
      "artist": "Bruno Mars",
      "title": "Grenade",
      "verse": "Dm2 Am",
      "chorus": "Dm Bb F C",
      "preChorus": "Bb C F A Dm C Bb A |",
      "bridge": "Gm Dm (2x) A",
      "favorite": false,
      "youtubeUrl": ""
    },
    {
      "id": 68,
      "artist": "Phil Collins",
      "title": "Groovy Kind of Love",
      "verse": "G2 D",
      "chorus": "Am Bm C D",
      "preChorus": "A E Bm C#m D E",
      "bridge": "F#m E | A",
      "favorite": false,
      "youtubeUrl": ""
    },
    {
      "id": 69,
      "artist": "The Script",
      "title": "Hall of Fame",
      "verse": "Gm2 Eb3 Bb F",
      "chorus": "Gm Eb3 Bb2 F",
      "preChorus": "Gm Eb3 F",
      "bridge": "",
      "favorite": false,
      "youtubeUrl": ""
    },
    {
      "id": 70,
      "artist": "Ed Sheeran",
      "title": "Happier",
      "verse": "Am F C2",
      "chorus": "",
      "preChorus": "",
      "bridge": "",
      "favorite": false,
      "youtubeUrl": ""
    },
    {
      "id": 71,
      "artist": "Camila Cabello",
      "title": "Havana",
      "verse": "Gm Eb D",
      "chorus": "",
      "preChorus": "",
      "bridge": "",
      "favorite": false,
      "youtubeUrl": ""
    },
    {
      "id": 72,
      "artist": "Richard Marx",
      "title": "Hazard",
      "verse": "Gm3 F3 Bb Cm2",
      "chorus": "Gm F C2",
      "preChorus": "Eb Bb Eb Gm",
      "bridge": "F Eb Gm F",
      "favorite": false,
      "youtubeUrl": ""
    },
    {
      "id": 73,
      "artist": "Bryan Adams",
      "title": "Heaven",
      "verse": "C Am G Dm Am Bb Am Bb G",
      "chorus": "F G Am",
      "preChorus": "C F G",
      "bridge": "",
      "favorite": false,
      "youtubeUrl": ""
    },
    {
      "id": 74,
      "artist": "Level42",
      "title": "Heaven in My Hands",
      "verse": "Dm | C F G Eb",
      "chorus": "G Am C F",
      "preChorus": "G F C D",
      "bridge": "",
      "favorite": false,
      "youtubeUrl": ""
    },
    {
      "id": 75,
      "artist": "Adele",
      "title": "Hello",
      "verse": "Fm Ab2 Eb Db",
      "chorus": "Fm Db3 Ab Eb",
      "preChorus": "",
      "bridge": "",
      "favorite": false,
      "youtubeUrl": ""
    },
    {
      "id": 76,
      "artist": "Toto",
      "title": "Hold the Line",
      "verse": "F#m/C# D E",
      "chorus": "D2 E2 F#m2 | D E",
      "preChorus": "",
      "bridge": "",
      "favorite": false,
      "youtubeUrl": ""
    },
    {
      "id": 77,
      "artist": "Madonna",
      "title": "Holiday",
      "verse": "G A Bm | G A F#m G",
      "chorus": "",
      "preChorus": "",
      "bridge": "",
      "favorite": false,
      "youtubeUrl": ""
    },
    {
      "id": 78,
      "artist": "Toto",
      "title": "Home Of The Brave",
      "verse": "E3 |E C#2 B2A C# B2 G# A G# B",
      "chorus": "B2 G# F# (2x) {C A B E ? }",
      "preChorus": "E G#m F# G#m F# Gm E A2",
      "bridge": "A2 C3 (D#) E F#m E B A",
      "favorite": false,
      "youtubeUrl": ""
    },
    {
      "id": 79,
      "artist": "Eagles",
      "title": "Hotel California",
      "verse": "Bm F# A E G D Em F#",
      "chorus": "",
      "preChorus": "",
      "bridge": "",
      "favorite": false,
      "youtubeUrl": ""
    },
    {
      "id": 80,
      "artist": "Michael Jackson",
      "title": "Human Nature",
      "verse": "G A G A2 | G F#m Em A",
      "chorus": "G A D2 Bm | G A Em A",
      "preChorus": "Em | G A F Em",
      "bridge": "",
      "favorite": false,
      "youtubeUrl": ""
    },
    {
      "id": 81,
      "artist": "Real 2 Real",
      "title": "I Like To Move It",
      "verse": "C# G# E D# F#",
      "chorus": "Punch lead patch",
      "preChorus": "",
      "bridge": "",
      "favorite": false,
      "youtubeUrl": ""
    },
    {
      "id": 82,
      "artist": "Phil Collins",
      "title": "I Wish It Would Rain Down",
      "verse": "G# D# Fm",
      "chorus": "C# D#",
      "preChorus": "",
      "bridge": "G# A# C# | G# D# Fm D#",
      "favorite": false,
      "youtubeUrl": ""
    },
    {
      "id": 83,
      "artist": "Toto",
      "title": "I’ll Be Over You",
      "verse": "D# F A# D#3 | Cm2",
      "chorus": "F D# D#m A# F",
      "preChorus": "A# F D# F Gm F D# F",
      "bridge": "A#3 F2 D#2 A# | Cm A# F D# A#",
      "favorite": false,
      "youtubeUrl": ""
    },
    {
      "id": 84,
      "artist": "Phil Collins",
      "title": "In The Air Tonight",
      "verse": "Dm C Bb C",
      "chorus": "",
      "preChorus": "",
      "bridge": "",
      "favorite": false,
      "youtubeUrl": ""
    },
    {
      "id": 85,
      "artist": "Pet Shop Boys",
      "title": "It's A Sin",
      "verse": "Cm2 G# Bb Eb3 G# Fm G",
      "chorus": "",
      "preChorus": "",
      "bridge": "",
      "favorite": false,
      "youtubeUrl": ""
    },
    {
      "id": 86,
      "artist": "Bon Jovi",
      "title": "It's My Life",
      "verse": "Cm2 G# D#3 A#2",
      "chorus": "Ab Eb Bb",
      "preChorus": "",
      "bridge": "",
      "favorite": false,
      "youtubeUrl": ""
    },
    {
      "id": 87,
      "artist": "Dr. Alban",
      "title": "It's My Life",
      "verse": "Am F3 G Em3",
      "chorus": "",
      "preChorus": "",
      "bridge": "",
      "favorite": false,
      "youtubeUrl": ""
    },
    {
      "id": 88,
      "artist": "Van Halen",
      "title": "Jump",
      "verse": "G C2 F | F2 C G3",
      "chorus": "",
      "preChorus": "",
      "bridge": "",
      "favorite": false,
      "youtubeUrl": ""
    },
    {
      "id": 89,
      "artist": "Bruno Mars",
      "title": "Just the Way You Are",
      "verse": "F Dm Bb",
      "chorus": "",
      "preChorus": "",
      "bridge": "",
      "favorite": false,
      "youtubeUrl": ""
    },
    {
      "id": 90,
      "artist": "Marillion",
      "title": "Kayleigh",
      "verse": "Bm A F#m G",
      "chorus": "D2 A G D3 C2 G D2",
      "preChorus": "C#m B G#m A",
      "bridge": "",
      "favorite": false,
      "youtubeUrl": ""
    },
    {
      "id": 91,
      "artist": "George Michael",
      "title": "Last Christmas",
      "verse": "A/D A/B Em/E Ab/A",
      "chorus": "",
      "preChorus": "",
      "bridge": "",
      "favorite": false,
      "youtubeUrl": ""
    },
    {
      "id": 92,
      "artist": "John Mayer",
      "title": "Last Train Home",
      "verse": "A/c# E/B",
      "chorus": "B E/B A",
      "preChorus": "B/F# A",
      "bridge": "",
      "favorite": false,
      "youtubeUrl": ""
    },
    {
      "id": 93,
      "artist": "Bruno Mars",
      "title": "Lazy Song",
      "verse": "B F# E",
      "chorus": "C#m D#m E F#",
      "preChorus": "C#m F#m G#m",
      "bridge": "",
      "favorite": false,
      "youtubeUrl": ""
    },
    {
      "id": 94,
      "artist": "Beatles",
      "title": "Let it Be",
      "verse": "C G Am F",
      "chorus": "",
      "preChorus": "",
      "bridge": "",
      "favorite": false,
      "youtubeUrl": ""
    },
    {
      "id": 95,
      "artist": "Robbie Williams",
      "title": "Let Me Entertain You",
      "verse": "F G# A#",
      "chorus": "",
      "preChorus": "",
      "bridge": "",
      "favorite": false,
      "youtubeUrl": ""
    },
    {
      "id": 96,
      "artist": "Roxette",
      "title": "Listen to Your Heart",
      "verse": "Bm G A Bm",
      "chorus": "D A (Em)",
      "preChorus": "",
      "bridge": "",
      "favorite": false,
      "youtubeUrl": ""
    },
    {
      "id": 97,
      "artist": "Ronde",
      "title": "Love Myself",
      "verse": "Dm/A G C/G F",
      "chorus": "",
      "preChorus": "",
      "bridge": "",
      "favorite": false,
      "youtubeUrl": ""
    },
    {
      "id": 98,
      "artist": "Taylor Swift",
      "title": "Love Story",
      "verse": "D A Bm G",
      "chorus": "D G Bm G (A)",
      "preChorus": "G A Bm D",
      "bridge": "",
      "favorite": false,
      "youtubeUrl": ""
    },
    {
      "id": 99,
      "artist": "Taylor Swift",
      "title": "Mean",
      "verse": "C#m B A",
      "chorus": "B E A B A",
      "preChorus": "E B C#m A E B A",
      "bridge": "",
      "favorite": false,
      "youtubeUrl": ""
    },
    {
      "id": 100,
      "artist": "Dire Straits",
      "title": "On Every Street",
      "verse": "F3 C2 G C2 | Am G C2",
      "chorus": "F Em2 G Em F Em C3 G2",
      "preChorus": "Em3 F C F C2 G",
      "bridge": "C Em Am Em | Dm Bb C Am",
      "favorite": false,
      "youtubeUrl": ""
    },
    {
      "id": 101,
      "artist": "Paul Mc Cartney",
      "title": "Once Upon a long Ago",
      "verse": "F/A (Bb) C/G Cm Gm G Cm Ab",
      "chorus": "Fm Gm G Cm C",
      "preChorus": "",
      "bridge": "",
      "favorite": false,
      "youtubeUrl": ""
    },
    {
      "id": 102,
      "artist": "George Michael",
      "title": "One More Try",
      "verse": "F2 C Dm2 F3 Bb F3 Gm3 C",
      "chorus": "",
      "preChorus": "",
      "bridge": "",
      "favorite": false,
      "youtubeUrl": ""
    },
    {
      "id": 103,
      "artist": "Duran Duran",
      "title": "Ordinary World",
      "verse": "B F#m A E",
      "chorus": "C#m E F#",
      "preChorus": "C#m G#m D# E",
      "bridge": "",
      "favorite": false,
      "youtubeUrl": ""
    },
    {
      "id": 104,
      "artist": "Enya",
      "title": "Orinoco Flow",
      "verse": "G F C l Cm Bb F",
      "chorus": "C G Am F l D l",
      "preChorus": "",
      "bridge": "",
      "favorite": false,
      "youtubeUrl": ""
    },
    {
      "id": 105,
      "artist": "Taylor Swift",
      "title": "Our Song",
      "verse": "D Em G A",
      "chorus": "",
      "preChorus": "",
      "bridge": "",
      "favorite": false,
      "youtubeUrl": ""
    },
    {
      "id": 106,
      "artist": "Taylor Swift",
      "title": "Ours",
      "verse": "C, Am7, Fadd9",
      "chorus": "Fadd9 G C Am",
      "preChorus": "",
      "bridge": "",
      "favorite": false,
      "youtubeUrl": ""
    },
    {
      "id": 107,
      "artist": "C#2 D#2 F#m2 G#",
      "title": "Papa Don't Preach",
      "verse": "",
      "chorus": "",
      "preChorus": "",
      "bridge": "",
      "favorite": false,
      "youtubeUrl": ""
    },
    {
      "id": 108,
      "artist": "Lady Gaga",
      "title": "Papparazzi",
      "verse": "Cm Ab Fm",
      "chorus": "Ab Eb Fm Db",
      "preChorus": "Gm2",
      "bridge": "",
      "favorite": false,
      "youtubeUrl": ""
    },
    {
      "id": 109,
      "artist": "Ed Sheeran",
      "title": "Perfect",
      "verse": "G# Fm C# D#",
      "chorus": "Fm C# G# D#",
      "preChorus": "",
      "bridge": "",
      "favorite": false,
      "youtubeUrl": ""
    },
    {
      "id": 110,
      "artist": "Billy Joel",
      "title": "Piano Man",
      "verse": "C G F C F C D7 G",
      "chorus": "Am D7 (2x) G F C G7",
      "preChorus": "",
      "bridge": "",
      "favorite": false,
      "youtubeUrl": ""
    },
    {
      "id": 111,
      "artist": "Taylor Swift",
      "title": "Red",
      "verse": "A C#m B",
      "chorus": "A E B",
      "preChorus": "",
      "bridge": "",
      "favorite": false,
      "youtubeUrl": ""
    },
    {
      "id": 112,
      "artist": "Snap",
      "title": "Rhythm is a dancer",
      "verse": "Am F G Am",
      "chorus": "",
      "preChorus": "",
      "bridge": "",
      "favorite": false,
      "youtubeUrl": ""
    },
    {
      "id": 113,
      "artist": "Toto",
      "title": "Rosanna",
      "verse": "G F Em G | C F |",
      "chorus": "F Eb Dm",
      "preChorus": "Gm F Bb/F Eb/G Bb/F F",
      "bridge": "",
      "favorite": false,
      "youtubeUrl": ""
    },
    {
      "id": 114,
      "artist": "Level 42",
      "title": "Running in the Family",
      "verse": "Em/B Bm A",
      "chorus": "D/a A Bm F# G A E",
      "preChorus": "Em Bm A D | C |B|",
      "bridge": "",
      "favorite": false,
      "youtubeUrl": ""
    },
    {
      "id": 115,
      "artist": "Elton John",
      "title": "Sacrifice",
      "verse": "C#2 Fm2 F#",
      "chorus": "C# F# D#m3 G# | A#m",
      "preChorus": "",
      "bridge": "",
      "favorite": false,
      "youtubeUrl": ""
    },
    {
      "id": 116,
      "artist": "Capital Cities",
      "title": "Safe and Sound",
      "verse": "F3 C2 Am G",
      "chorus": "",
      "preChorus": "",
      "bridge": "",
      "favorite": false,
      "youtubeUrl": ""
    },
    {
      "id": 117,
      "artist": "Shawn Mendes",
      "title": "Seniorita",
      "verse": "Am C F Em G",
      "chorus": "",
      "preChorus": "",
      "bridge": "",
      "favorite": false,
      "youtubeUrl": ""
    },
    {
      "id": 118,
      "artist": "Queen",
      "title": "Show Must Go On",
      "verse": "Bm2 G Em F# Em",
      "chorus": "C#m2 A F#m G# F#2",
      "preChorus": "F G Em Am",
      "bridge": "",
      "favorite": false,
      "youtubeUrl": ""
    },
    {
      "id": 119,
      "artist": "Dire Straits",
      "title": "So Far Away",
      "verse": "B A E | A C#m B E",
      "chorus": "",
      "preChorus": "",
      "bridge": "",
      "favorite": false,
      "youtubeUrl": ""
    },
    {
      "id": 120,
      "artist": "Taylor Swift",
      "title": "So High School",
      "verse": "C G D",
      "chorus": "G C Em D",
      "preChorus": "",
      "bridge": "",
      "favorite": false,
      "youtubeUrl": ""
    },
    {
      "id": 121,
      "artist": "Dire Straits",
      "title": "Solid Rock",
      "verse": "D G C",
      "chorus": "A Bm G",
      "preChorus": "",
      "bridge": "",
      "favorite": false,
      "youtubeUrl": ""
    },
    {
      "id": 122,
      "artist": "Simply Red",
      "title": "Something Got me Started",
      "verse": "Am/D Bb C",
      "chorus": "Dm C",
      "preChorus": "",
      "bridge": "",
      "favorite": false,
      "youtubeUrl": ""
    },
    {
      "id": 123,
      "artist": "Simon & Garfunkel",
      "title": "Sound of Silence",
      "verse": "F#m E (A) D A",
      "chorus": "",
      "preChorus": "",
      "bridge": "",
      "favorite": false,
      "youtubeUrl": ""
    },
    {
      "id": 124,
      "artist": "Taylor Swift",
      "title": "Sparks Fly",
      "verse": "Dm Bb F C",
      "chorus": "",
      "preChorus": "",
      "bridge": "",
      "favorite": false,
      "youtubeUrl": ""
    },
    {
      "id": 125,
      "artist": "Taylor Swift",
      "title": "Speak Now",
      "verse": "G D Am C",
      "chorus": "Am C G D",
      "preChorus": "Am C D",
      "bridge": "",
      "favorite": false,
      "youtubeUrl": ""
    },
    {
      "id": 126,
      "artist": "Toto",
      "title": "Spiritual Man",
      "verse": "F3 C2 Gm",
      "chorus": "",
      "preChorus": "",
      "bridge": "",
      "favorite": false,
      "youtubeUrl": ""
    },
    {
      "id": 127,
      "artist": "Toto",
      "title": "St George & Dragon",
      "verse": "Am3 G3 C2",
      "chorus": "Dm C Bb F Bb",
      "preChorus": "F Bb2F Bb2 Dm2 C2",
      "bridge": "|D| DFAmF|Bb",
      "favorite": false,
      "youtubeUrl": ""
    },
    {
      "id": 128,
      "artist": "Taylor Swift",
      "title": "Stay",
      "verse": "C F Am G",
      "chorus": "",
      "preChorus": "",
      "bridge": "",
      "favorite": false,
      "youtubeUrl": ""
    },
    {
      "id": 129,
      "artist": "Toto",
      "title": "Stop Loving You",
      "verse": "F Bb Dm C",
      "chorus": "Gsus4 F C",
      "preChorus": "",
      "bridge": "",
      "favorite": false,
      "youtubeUrl": ""
    },
    {
      "id": 130,
      "artist": "Pet Shop Boys",
      "title": "Suburbia",
      "verse": "C2 Am Dm2 F G",
      "chorus": "Cm2 Ab Bb Eb3 (G)",
      "preChorus": "",
      "bridge": "",
      "favorite": false,
      "youtubeUrl": ""
    },
    {
      "id": 131,
      "artist": "Bryan Adams",
      "title": "Summer of 69",
      "verse": "D A Bm A D G",
      "chorus": "F Bb C",
      "preChorus": "",
      "bridge": "",
      "favorite": true,
      "youtubeUrl": ""
    },
    {
      "id": 132,
      "artist": "Post Malone",
      "title": "Sunflower",
      "verse": "D G Em G",
      "chorus": "",
      "preChorus": "",
      "bridge": "",
      "favorite": false,
      "youtubeUrl": ""
    },
    {
      "id": 133,
      "artist": "The Script",
      "title": "Superheroes",
      "verse": "Ab2 Eb Cm3 Bb3",
      "chorus": "",
      "preChorus": "",
      "bridge": "",
      "favorite": false,
      "youtubeUrl": ""
    },
    {
      "id": 134,
      "artist": "Aha",
      "title": "Take on Me",
      "verse": "Bm E2 A D2",
      "chorus": "A E F#m D",
      "preChorus": "C#m G | Bm E",
      "bridge": "",
      "favorite": false,
      "youtubeUrl": ""
    },
    {
      "id": 135,
      "artist": "Taylor Swift",
      "title": "Teardrops on My Guitar",
      "verse": "Bb Gm7 Eb F",
      "chorus": "Gm Eb Bb F",
      "preChorus": "Bb F Gm Eb",
      "bridge": "",
      "favorite": false,
      "youtubeUrl": ""
    },
    {
      "id": 136,
      "artist": "Bruce Hornsby",
      "title": "Thats Just The Way it is",
      "verse": "Am Em D C G D C",
      "chorus": "",
      "preChorus": "",
      "bridge": "",
      "favorite": false,
      "youtubeUrl": ""
    },
    {
      "id": 137,
      "artist": "Taylor Swift",
      "title": "The Best Day",
      "verse": "C# A#m F# G#",
      "chorus": "",
      "preChorus": "",
      "bridge": "",
      "favorite": false,
      "youtubeUrl": ""
    },
    {
      "id": 138,
      "artist": "Coldplay",
      "title": "The Scientist",
      "verse": "Dm Bb3 F2 C",
      "chorus": "",
      "preChorus": "",
      "bridge": "",
      "favorite": false,
      "youtubeUrl": ""
    },
    {
      "id": 139,
      "artist": "Bon Jovi",
      "title": "These Days",
      "verse": "C D Em",
      "chorus": "| G | G A",
      "preChorus": "",
      "bridge": "",
      "favorite": false,
      "youtubeUrl": ""
    },
    {
      "id": 140,
      "artist": "Michael Jackson",
      "title": "Thriller",
      "verse": "C#m/E+9 E F#/C# C#m",
      "chorus": "G#/E8 F#789 F#/A# A8#dim7",
      "preChorus": "",
      "bridge": "",
      "favorite": false,
      "youtubeUrl": ""
    },
    {
      "id": 141,
      "artist": "Taylor Swift",
      "title": "Today was a Fairytale",
      "verse": "G C Em D",
      "chorus": "",
      "preChorus": "",
      "bridge": "",
      "favorite": false,
      "youtubeUrl": ""
    },
    {
      "id": 142,
      "artist": "Harold Faltermeyer",
      "title": "Top Gun",
      "verse": "C F G",
      "chorus": "F# B C#",
      "preChorus": "",
      "bridge": "",
      "favorite": false,
      "youtubeUrl": ""
    },
    {
      "id": 143,
      "artist": "Coldplay",
      "title": "Trouble",
      "verse": "Bm/G | F Am G",
      "chorus": "G Em Bm",
      "preChorus": "A Em",
      "bridge": "",
      "favorite": false,
      "youtubeUrl": ""
    },
    {
      "id": 144,
      "artist": "Coldplay",
      "title": "Viva la Vida",
      "verse": "C#/F D#/G G# Fm",
      "chorus": "C#3 Fm l D#",
      "preChorus": "",
      "bridge": "",
      "favorite": false,
      "youtubeUrl": ""
    },
    {
      "id": 145,
      "artist": "Foreigner",
      "title": "Waiting for a Girl Like You",
      "verse": "Bbm Ab | Fm Eb |",
      "chorus": "| F || Gb Ab || Ebm B Abm",
      "preChorus": "",
      "bridge": "",
      "favorite": false,
      "youtubeUrl": ""
    },
    {
      "id": 146,
      "artist": "Dire Straits",
      "title": "Walk of Life",
      "verse": "E A B A B",
      "chorus": "",
      "preChorus": "",
      "bridge": "",
      "favorite": false,
      "youtubeUrl": ""
    },
    {
      "id": 147,
      "artist": "Spice Girls",
      "title": "Wannabe",
      "verse": "F# G#m E B",
      "chorus": "bassline B BD DE EAA A#",
      "preChorus": "",
      "bridge": "",
      "favorite": false,
      "youtubeUrl": ""
    },
    {
      "id": 148,
      "artist": "Madeline Merlo",
      "title": "War Paint",
      "verse": "C#3 | Bb F# C# G#",
      "chorus": "F# C# G#",
      "preChorus": "",
      "bridge": "",
      "favorite": false,
      "youtubeUrl": ""
    },
    {
      "id": 149,
      "artist": "Taylor Swift",
      "title": "We Are Never Getting Back Together",
      "verse": "C G D Em",
      "chorus": "",
      "preChorus": "",
      "bridge": "",
      "favorite": true,
      "youtubeUrl": ""
    },
    {
      "id": 150,
      "artist": "Queen",
      "title": "We Are The Champions",
      "verse": "Cm Gm | Eb3 Bb",
      "chorus": "C F Bb C",
      "preChorus": "F Am Dm Bb C",
      "bridge": "",
      "favorite": false,
      "youtubeUrl": ""
    },
    {
      "id": 151,
      "artist": "4 Non Blonds",
      "title": "What's Up",
      "verse": "A Bm D",
      "chorus": "",
      "preChorus": "",
      "bridge": "",
      "favorite": true,
      "youtubeUrl": ""
    },
    {
      "id": 152,
      "artist": "Taylor Swift",
      "title": "When Emma falls in love -",
      "verse": "D A Em",
      "chorus": "G D A l C l",
      "preChorus": "",
      "bridge": "",
      "favorite": false,
      "youtubeUrl": ""
    },
    {
      "id": 153,
      "artist": "Van Halen",
      "title": "When It's Love",
      "verse": "D2 A F#m3 G3",
      "chorus": "F C G",
      "preChorus": "D3 F G Am",
      "bridge": "Bb2 C2",
      "favorite": false,
      "youtubeUrl": ""
    },
    {
      "id": 154,
      "artist": "Taylor Swift",
      "title": "Wildest Dreams",
      "verse": "Db Eb",
      "chorus": "Ab Eb Db",
      "preChorus": "",
      "bridge": "",
      "favorite": false,
      "youtubeUrl": ""
    },
    {
      "id": 155,
      "artist": "U2",
      "title": "With Or Without You",
      "verse": "D2 A Bm G",
      "chorus": "",
      "preChorus": "",
      "bridge": "",
      "favorite": true,
      "youtubeUrl": ""
    },
    {
      "id": 156,
      "artist": "Oasis",
      "title": "Wonderwall",
      "verse": "F#m A E B7sus4",
      "chorus": "D Em F#m",
      "preChorus": "A E Fm E B7",
      "bridge": "D A",
      "favorite": false,
      "youtubeUrl": ""
    },
    {
      "id": 157,
      "artist": "Coldplay",
      "title": "Yellow",
      "verse": "B F# E",
      "chorus": "E G#m F#",
      "preChorus": "",
      "bridge": "",
      "favorite": true,
      "youtubeUrl": ""
    },
    {
      "id": 158,
      "artist": "Taylor Swift",
      "title": "You Belong With Me",
      "verse": "F# C# G#m B",
      "chorus": "G#m B F# C#",
      "preChorus": "",
      "bridge": "",
      "favorite": false,
      "youtubeUrl": ""
    },
    {
      "id": 159,
      "artist": "Kim Wilde",
      "title": "You Came",
      "verse": "A B E2 B A A2 B E3",
      "chorus": "Dbm Gbm2 E2 Bm Gbm E Ab",
      "preChorus": "",
      "bridge": "",
      "favorite": false,
      "youtubeUrl": ""
    },
    {
      "id": 160,
      "artist": "Bon Jovi",
      "title": "You Give Love A Bad Name",
      "verse": "Cm2 G# A#",
      "chorus": "F | F G |",
      "preChorus": "",
      "bridge": "",
      "favorite": false,
      "youtubeUrl": ""
    },
    {
      "id": 161,
      "artist": "Phil Collins",
      "title": "That’s Just The Way It Is",
      "verse": "F2 C Bb",
      "chorus": "C Dm",
      "preChorus": "",
      "bridge": "Gm Eb Bb Cm",
      "favorite": false,
      "youtubeUrl": ""
    },
    {
      "id": 162,
      "artist": "",
      "title": "",
      "verse": "",
      "chorus": "",
      "preChorus": "",
      "bridge": "",
      "favorite": false,
      "youtubeUrl": ""
    },
    {
      "id": 163,
      "artist": "Toto",
      "title": "I Won’t Hold You Back",
      "verse": "D# Cm Gm3 | G# A# (3x) C",
      "chorus": "Fm G# A#",
      "preChorus": "",
      "bridge": "",
      "favorite": false,
      "youtubeUrl": ""
    }
  ],
  "setlists": []
}